{
  "roc_auc": 0.9624521072796934,
  "pr_auc": 0.7703708225141112,
  "max_fpr": 0.05,
  "threshold": 0.16255411505699158,
  "precision": 0.5560747663551402,
  "recall": 0.8623188405797102,
  "fpr": 0.04367816091954023,
  "tp": 119,
  "fp": 95,
  "tn": 2080,
  "fn": 19
}